{"cameraMode":{"drawMode":0,"name":"Shaded","section":"Shading Mode"},"sceneLighting":true,"audioPlay":false,"sceneViewState":{"showFog":false,"showMaterialUpdate":false,"showSkybox":false,"showFlares":false,"showImageEffects":false,"showParticleSystems":false},"in2DMode":false,"pivot":{"x":-4.144713401794434,"y":-23.914533615112306,"z":-143.4197235107422},"rotation":{"x":-0.001816032687202096,"y":0.9950476884841919,"z":-0.09764206409454346,"w":-0.018515631556510927},"size":166.47474670410157,"orthographic":false}