{"cameraMode":{"drawMode":0,"name":"Shaded","section":"Shading Mode"},"sceneLighting":true,"audioPlay":false,"sceneViewState":{"showFog":false,"showMaterialUpdate":false,"showSkybox":false,"showFlares":false,"showImageEffects":false,"showParticleSystems":false},"in2DMode":false,"pivot":{"x":56.62751007080078,"y":-274.5836181640625,"z":434.7829895019531},"rotation":{"x":-0.25001606345176699,"y":-0.08988907188177109,"z":0.023316653445363046,"w":-0.9637781381607056},"size":632.9542236328125,"orthographic":false}