{"cameraMode":{"drawMode":0,"name":"Shaded","section":"Shading Mode"},"sceneLighting":true,"audioPlay":false,"sceneViewState":{"showFog":false,"showMaterialUpdate":false,"showSkybox":false,"showFlares":false,"showImageEffects":false,"showParticleSystems":false},"in2DMode":false,"pivot":{"x":6.70098876953125,"y":-32.311771392822269,"z":22.053302764892579},"rotation":{"x":-0.5006630420684815,"y":-0.04955580085515976,"z":0.02872360870242119,"w":-0.8637452125549316},"size":66.19142150878906,"orthographic":false}