{"cameraMode":{"drawMode":0,"name":"Shaded","section":"Shading Mode"},"sceneLighting":true,"audioPlay":false,"sceneViewState":{"showFog":false,"showMaterialUpdate":false,"showSkybox":false,"showFlares":false,"showImageEffects":false,"showParticleSystems":false},"in2DMode":false,"pivot":{"x":6.148314476013184,"y":-36.15636444091797,"z":15.363243103027344},"rotation":{"x":-0.5006630420684815,"y":-0.04955580085515976,"z":0.02872360870242119,"w":-0.8637452125549316},"size":303.08935546875,"orthographic":false}