{"cameraMode":{"drawMode":0,"name":"Shaded","section":"Shading Mode"},"sceneLighting":true,"audioPlay":false,"sceneViewState":{"showFog":false,"showMaterialUpdate":false,"showSkybox":false,"showFlares":false,"showImageEffects":false,"showParticleSystems":false},"in2DMode":false,"pivot":{"x":-1.5336072444915772,"y":-33.66862106323242,"z":19.75514030456543},"rotation":{"x":-0.5075703263282776,"y":-0.0699000433087349,"z":0.04136088863015175,"w":-0.8577737212181091},"size":60.82463455200195,"orthographic":false}